{"stats":{"minecraft:custom":{"minecraft:jump":7,"minecraft:time_since_rest":1187,"minecraft:crouch_one_cm":481,"minecraft:leave_game":1,"minecraft:sprint_one_cm":453,"minecraft:play_time":1187,"minecraft:time_since_death":1187,"minecraft:walk_one_cm":6383,"minecraft:sneak_time":120,"minecraft:total_world_time":2510,"minecraft:interact_with_crafting_table":1,"minecraft:fly_one_cm":1791},"minecraft:crafted":{"sealparadise:block_seal_niko":1,"sealparadise:portable_seal_niko":9},"minecraft:used":{"minecraft:crafting_table":1}},"DataVersion":3953}