{"stats":{"minecraft:mined":{"sealparadise:block_seal_niko":4},"minecraft:picked_up":{"sealparadise:block_seal_niko":4},"minecraft:custom":{"minecraft:jump":7,"minecraft:time_since_rest":5510,"minecraft:crouch_one_cm":387,"minecraft:sprint_one_cm":81,"minecraft:play_time":5510,"minecraft:time_since_death":5510,"minecraft:walk_one_cm":4627,"minecraft:sneak_time":77,"minecraft:total_world_time":7540,"minecraft:interact_with_crafting_table":1,"minecraft:fly_one_cm":8572},"minecraft:used":{"minecraft:diamond_pickaxe":4,"minecraft:crafting_table":1,"sealparadise:block_seal_niko":2},"minecraft:crafted":{"sealparadise:block_seal_niko":2,"sealparadise:portable_seal_niko":9}},"DataVersion":3953}