{"stats":{"minecraft:custom":{"minecraft:jump":21,"minecraft:time_since_rest":3512,"minecraft:crouch_one_cm":645,"minecraft:sprint_one_cm":3889,"minecraft:play_time":3512,"minecraft:walk_on_water_one_cm":157,"minecraft:time_since_death":3512,"minecraft:walk_one_cm":4897,"minecraft:sneak_time":264,"minecraft:total_world_time":4723,"minecraft:drop":68,"minecraft:fly_one_cm":50752},"minecraft:picked_up":{"sealparadise:tort_block":2,"sealparadise:portable_seal_niko":66},"minecraft:dropped":{"sealparadise:tort_block":2,"sealparadise:portable_seal_niko":66}},"DataVersion":3953}