{"stats":{"minecraft:used":{"minecraft:sandstone":15,"minecraft:dirt":1,"minecraft:cobblestone":1,"minecraft:flint_and_steel":2},"minecraft:custom":{"minecraft:jump":17,"minecraft:time_since_rest":2175,"minecraft:damage_dealt":10,"minecraft:crouch_one_cm":105,"minecraft:sprint_one_cm":641,"minecraft:play_time":2175,"minecraft:time_since_death":2175,"minecraft:walk_one_cm":5692,"minecraft:sneak_time":42,"minecraft:total_world_time":3170,"minecraft:walk_under_water_one_cm":1432,"minecraft:fly_one_cm":8539}},"DataVersion":3953}