{"stats":{"minecraft:custom":{"minecraft:jump":5,"minecraft:time_since_rest":2395,"minecraft:damage_dealt":70,"minecraft:crouch_one_cm":415,"minecraft:sprint_one_cm":59,"minecraft:play_time":2395,"minecraft:time_since_death":2395,"minecraft:walk_one_cm":6420,"minecraft:sneak_time":67,"minecraft:total_world_time":2428,"minecraft:fly_one_cm":8807,"minecraft:animals_bred":1},"minecraft:used":{"sealparadise:niko_spawn_egg":12,"minecraft:flint_and_steel":2,"sealparadise:block_seal_niko":1}},"DataVersion":3953}