{
  "minecraft:recipes/decorations/crafting_table": {
    "criteria": {
      "unlock_right_away": "2025-12-14 19:02:47 +0100"
    },
    "done": true
  },
  "minecraft:adventure/adventuring_time": {
    "criteria": {
      "minecraft:frozen_ocean": "2025-12-14 19:02:47 +0100"
    },
    "done": false
  },
  "sealparadise:recipes/building_blocks/portable_seal_niko": {
    "criteria": {
      "has_block_seal_niko": "2025-12-14 19:02:46 +0100"
    },
    "done": true
  },
  "minecraft:story/root": {
    "criteria": {
      "crafting_table": "2025-12-14 19:02:46 +0100"
    },
    "done": true
  },
  "sealparadise:recipes/decorations/block_seal_niko": {
    "criteria": {
      "has_portable_seal_niko": "2025-12-14 19:02:46 +0100"
    },
    "done": true
  },
  "DataVersion": 3953
}